customer_id,first_name,last_name,email,sign_up_date,region
1,Pavia,Gallard,pgallard0@psu.edu,6/20/2022,West
2,Ciel,Burrass,cburrass1@networksolutions.com,9/10/2020,East
3,Jo-ann,Kurton,jkurton2@youtube.com,5/15/2023,West
4,Garold,Pink,gpink3@1und1.de,4/14/2021,East
5,Kit,Bruhn,kbruhn4@twitter.com,2/25/2019,South
6,Ansel,Corner,acorner5@twitter.com,11/16/2019,South
7,Leanna,Dunning,ldunning6@wix.com,5/21/2023,West
8,Rora,D'eath,rdeath7@patch.com,8/20/2019,South
9,Emlyn,Steeden,esteeden8@constantcontact.com,2/14/2020,East
10,Aubrette,Shippam,ashippam9@weather.com,8/1/2023,West
11,Marianne,Dimsdale,mdimsdalea@yale.edu,2/5/2020,East
12,Maribel,Marjot,mmarjotb@gmpg.org,11/8/2020,South
13,Alonso,Eirwin,aeirwinc@tinypic.com,12/17/2019,West
14,Pascale,Onyon,ponyond@slate.com,12/31/2019,East
15,Midge,Messiter,mmessitere@nytimes.com,1/9/2019,East
16,Dory,Katt,dkattf@google.com.au,5/31/2020,South
17,Valentina,Whitmell,vwhitmellg@spiegel.de,10/29/2023,North
18,Carley,Tuson,ctusonh@smh.com.au,11/15/2020,East
19,Antin,Waszczykowski,awaszczykowskii@ovh.net,3/23/2019,West
20,Rolland,Brockelsby,rbrockelsbyj@google.it,7/27/2019,South
21,Yvon,Lyven,ylyvenk@marriott.com,10/3/2019,North
22,Mikael,Kohter,mkohterl@japanpost.jp,7/6/2019,East
23,Marrissa,Leither,mleitherm@google.fr,10/11/2023,East
24,Oates,Seeger,oseegern@barnesandnoble.com,7/22/2021,North
25,Colet,Ricci,criccio@skype.com,6/24/2019,East
26,Helaina,Bulcroft,hbulcroftp@harvard.edu,8/15/2023,West
27,Starlin,Guiu,sguiuq@ustream.tv,4/30/2022,East
28,Terza,Copestick,tcopestickr@narod.ru,10/7/2020,East
29,Jania,Doumerc,jdoumercs@webs.com,10/17/2019,West
30,Lauri,Rowbottom,lrowbottomt@lulu.com,12/18/2019,South
31,Kathe,Schaumann,kschaumannu@about.me,9/10/2023,South
32,Scotty,Wayne,swaynev@google.com,3/29/2020,West
33,Jennie,Redmond,jredmondw@dmoz.org,1/24/2020,South
34,Elmer,Retallick,eretallickx@theatlantic.com,12/5/2019,North
35,Roarke,Wrintmore,rwrintmorey@acquirethisname.com,11/5/2022,South
36,Arvie,Burgum,aburgumz@about.me,1/8/2020,West
37,Liva,Cardinale,lcardinale10@domainmarket.com,4/7/2020,North
38,Meridel,Aiston,maiston11@umich.edu,4/4/2022,South
39,Cayla,Cheer,ccheer12@chronoengine.com,8/2/2019,North
40,Riccardo,Sacase,rsacase13@army.mil,11/27/2020,South
41,Marsiella,McTrustram,mmctrustram14@symantec.com,7/10/2021,South
42,Rosina,Bagenal,rbagenal15@instagram.com,9/29/2023,East
43,Lammond,Mowat,lmowat16@washingtonpost.com,8/11/2019,North
44,Anette,Wylie,awylie17@cnn.com,6/19/2023,South
45,Mariejeanne,Argue,margue18@webmd.com,5/28/2020,East
46,Sibyl,Crump,scrump19@e-recht24.de,3/24/2023,North
47,Ker,Olman,kolman1a@soundcloud.com,2/19/2019,West
48,Quincy,Ecles,qecles1b@sphinn.com,9/27/2023,South
49,Branden,Doers,bdoers1c@vk.com,1/14/2020,South
50,West,Seed,wseed1d@auda.org.au,1/21/2022,East
51,Ursula,Farnsworth,ufarnsworth1e@privacy.gov.au,5/6/2023,West
52,Christy,Chesnay,cchesnay1f@ifeng.com,4/17/2019,South
53,Brandy,Osborn,bosborn1g@scientificamerican.com,11/26/2019,West
54,Phaedra,Tolland,ptolland1h@oakley.com,11/10/2022,South
55,Norry,Francesconi,nfrancesconi1i@bravesites.com,10/5/2021,West
56,Emmalynne,Kobisch,ekobisch1j@moonfruit.com,3/12/2021,East
57,Carter,Enriquez,cenriquez1k@creativecommons.org,3/25/2020,West
58,Dierdre,Carrane,dcarrane1l@newsvine.com,10/5/2022,South
59,Aldus,Tomich,atomich1m@cbc.ca,1/8/2022,North
60,Alisander,Lydden,alydden1n@sun.com,3/17/2020,South
61,Juli,Voisey,jvoisey1o@skyrock.com,2/23/2020,South
62,Brady,Moulin,bmoulin1p@dailymail.co.uk,9/15/2020,East
63,Wanids,Hawtry,whawtry1q@shop-pro.jp,10/7/2021,West
64,Gregorius,Gecke,ggecke1r@sohu.com,12/25/2021,South
65,Sile,Kidman,skidman1s@wix.com,12/29/2020,North
66,Basilius,Blewett,bblewett1t@timesonline.co.uk,7/10/2021,North
67,Roxi,Leindecker,rleindecker1u@ehow.com,6/28/2019,West
68,Sallyanne,McRoberts,smcroberts1v@hostgator.com,2/5/2020,North
69,Loretta,Cleiment,lcleiment1w@github.com,7/19/2023,North
70,Camey,Farr,cfarr1x@slashdot.org,11/15/2023,North
71,Becky,Stillert,bstillert1y@merriam-webster.com,3/11/2021,South
72,Desmond,Henze,dhenze1z@zimbio.com,3/2/2023,South
73,Libby,Malzard,lmalzard20@people.com.cn,5/24/2023,East
74,Katleen,Rothert,krothert21@jiathis.com,6/17/2023,East
75,Cy,Cracie,ccracie22@tinypic.com,6/21/2022,South
76,Lilia,Cotty,lcotty23@barnesandnoble.com,7/27/2019,South
77,Regine,Loffel,rloffel24@lycos.com,6/1/2022,West
78,Carolan,Humfrey,chumfrey25@seesaa.net,5/4/2019,North
79,Madison,Feechum,mfeechum26@kickstarter.com,11/11/2022,North
80,Clarie,Sugarman,csugarman27@mit.edu,6/18/2019,West
81,Bee,Preshous,bpreshous28@blogs.com,4/23/2019,South
82,Jenifer,Tong,jtong29@ifeng.com,1/25/2023,West
83,Delmar,Penquet,dpenquet2a@wikispaces.com,4/4/2022,South
84,Kev,Lernihan,klernihan2b@cocolog-nifty.com,4/4/2020,North
85,Marmaduke,McAree,mmcaree2c@themeforest.net,12/5/2019,West
86,Allin,Stanhope,astanhope2d@google.co.uk,12/29/2022,West
87,Leigh,Ginnety,lginnety2e@comcast.net,9/20/2019,East
88,Yovonnda,Campaigne,ycampaigne2f@vkontakte.ru,12/30/2022,South
89,Nadya,Sawrey,nsawrey2g@forbes.com,6/30/2023,South
90,Leicester,Le febre,llefebre2h@nasa.gov,11/10/2019,West
91,Matias,Rain,mrain2i@addthis.com,6/26/2022,West
92,Jasen,Blackstone,jblackstone2j@walmart.com,9/1/2022,West
93,Shane,Lante,slante2k@friendfeed.com,6/21/2021,South
94,Beulah,Baribal,bbaribal2l@reference.com,1/21/2019,East
95,Cristina,Grishechkin,cgrishechkin2m@home.pl,6/25/2020,North
96,Vladamir,Bolles,vbolles2n@ucoz.com,6/19/2021,West
97,Trina,Rees,trees2o@lycos.com,5/8/2020,West
98,Christy,Blackborn,cblackborn2p@statcounter.com,11/30/2021,South
99,Reube,Wardell,rwardell2q@nhs.uk,11/8/2021,North
100,Jaquenetta,Steiner,jsteiner2r@blogspot.com,11/22/2021,North
101,Farrell,Dyne,fdyne2s@issuu.com,8/23/2019,East
102,Sarge,Brunotti,sbrunotti2t@eventbrite.com,10/20/2019,West
103,Allie,Kidman,akidman2u@posterous.com,5/7/2020,South
104,Fredi,Sambrok,fsambrok2v@trellian.com,6/27/2022,North
105,Eda,Antczak,eantczak2w@japanpost.jp,3/29/2023,North
106,Waylin,Gerasch,wgerasch2x@nature.com,7/17/2021,South
107,Shir,Vinecombe,svinecombe2y@symantec.com,11/17/2023,East
108,Saul,Lorriman,slorriman2z@booking.com,1/24/2023,West
109,Arther,Tincombe,atincombe30@harvard.edu,4/15/2023,East
110,Pedro,Lambregts,plambregts31@lycos.com,9/24/2020,North
111,Mathilde,Hawthorne,mhawthorne32@gizmodo.com,4/9/2020,West
112,Malanie,Tume,mtume33@indiatimes.com,6/16/2021,South
113,Roxanna,Keech,rkeech34@163.com,5/24/2023,North
114,Sheridan,Kenryd,skenryd35@altervista.org,2/14/2020,South
115,Dorice,Dogg,ddogg36@wikimedia.org,3/16/2020,North
116,Albertina,Seers,aseers37@dot.gov,7/31/2022,North
117,Harcourt,Jakubovicz,hjakubovicz38@quantcast.com,7/18/2022,West
118,Patience,Caltun,pcaltun39@globo.com,4/6/2023,North
119,Demetra,Bosomworth,dbosomworth3a@goodreads.com,12/31/2019,East
120,Lillian,Hobson,lhobson3b@shutterfly.com,1/5/2021,South
121,Piggy,Stockney,pstockney3c@rambler.ru,10/26/2022,East
122,Vasily,McGrah,vmcgrah3d@abc.net.au,12/12/2019,East
123,Karil,Keighley,kkeighley3e@woothemes.com,11/9/2019,West
124,Adlai,Thompstone,athompstone3f@devhub.com,6/22/2021,North
125,Gaston,Blaschke,gblaschke3g@netscape.com,7/23/2023,North
126,Danette,MacRorie,dmacrorie3h@facebook.com,11/3/2019,South
127,Lezley,Belchem,lbelchem3i@privacy.gov.au,2/22/2019,South
128,Alex,Skyner,askyner3j@altervista.org,5/14/2023,South
129,Patrizia,Graysmark,pgraysmark3k@princeton.edu,1/26/2023,West
130,Josephine,Kinze,jkinze3l@ocn.ne.jp,4/2/2023,South
131,Alix,Veitch,aveitch3m@drupal.org,12/20/2019,East
132,Osmund,Caselick,ocaselick3n@tiny.cc,2/12/2019,North
133,Emily,Blasli,eblasli3o@histats.com,8/10/2022,South
134,Neile,Korb,nkorb3p@ocn.ne.jp,4/5/2022,West
135,Elsey,Cumberpatch,ecumberpatch3q@redcross.org,7/20/2020,East
136,Carrissa,Ivanyushin,civanyushin3r@bigcartel.com,9/27/2021,West
137,Meridel,Pellissier,mpellissier3s@sciencedirect.com,11/26/2022,South
138,Theadora,Kittel,tkittel3t@pinterest.com,12/2/2020,East
139,Hilary,Prinne,hprinne3u@sitemeter.com,8/24/2021,West
140,Ali,Futter,afutter3v@loc.gov,3/9/2022,South
141,Nelli,Cunniffe,ncunniffe3w@bluehost.com,3/28/2022,East
142,Thorny,Callway,tcallway3x@blogger.com,10/13/2022,South
143,Noellyn,Geeritz,ngeeritz3y@cornell.edu,10/25/2021,East
144,Nickie,Luker,nluker3z@google.co.jp,9/15/2021,North
145,Kelila,Mawdsley,kmawdsley40@naver.com,1/28/2023,West
146,Danica,McArdell,dmcardell41@qq.com,10/17/2023,South
147,Lula,Halvosen,lhalvosen42@unesco.org,4/9/2023,South
148,Erminie,Delacote,edelacote43@nps.gov,7/16/2021,West
149,Thatcher,Alcott,talcott44@so-net.ne.jp,5/21/2019,South
150,Jule,Havock,jhavock45@psu.edu,10/23/2022,North
151,Nonie,Monckman,nmonckman46@purevolume.com,1/2/2022,West
152,Nev,Bursnall,nbursnall47@icio.us,8/2/2021,East
153,Bernice,Sisson,bsisson48@usda.gov,5/2/2023,North
154,Lynea,Foy,lfoy49@npr.org,12/11/2019,South
155,Beniamino,Chalcraft,bchalcraft4a@toplist.cz,3/27/2021,East
156,Ruperta,Birkinshaw,rbirkinshaw4b@hc360.com,11/3/2021,East
157,Trixy,Noury,tnoury4c@businessweek.com,4/19/2023,East
158,Karrah,Gomer,kgomer4d@pen.io,12/13/2023,North
159,Reagan,Organ,rorgan4e@sakura.ne.jp,3/14/2022,East
160,Nicky,Breznovic,nbreznovic4f@comsenz.com,5/19/2023,North
161,Elka,Amburgy,eamburgy4g@abc.net.au,2/4/2023,East
162,Koral,McCreedy,kmccreedy4h@vistaprint.com,5/17/2023,East
163,Wilden,Pooke,wpooke4i@ning.com,2/8/2023,South
164,Donetta,Moyse,dmoyse4j@uol.com.br,8/17/2019,South
165,Melitta,Wrate,mwrate4k@nationalgeographic.com,12/13/2020,West
166,Jeanie,Smorthwaite,jsmorthwaite4l@facebook.com,10/9/2020,West
167,Lucine,Pie,lpie4m@theguardian.com,7/9/2022,North
168,Oates,Klulicek,oklulicek4n@bbb.org,8/30/2020,North
169,Dorice,Sawley,dsawley4o@house.gov,10/3/2021,East
170,Lexie,Swanton,lswanton4p@cnet.com,9/19/2019,East
171,Rodina,Coppledike,rcoppledike4q@bandcamp.com,5/16/2019,East
172,Penelopa,Purse,ppurse4r@tiny.cc,12/30/2022,South
173,Jorrie,Burgoin,jburgoin4s@utexas.edu,11/8/2019,South
174,Anni,Forker,aforker4t@businessinsider.com,9/10/2022,West
175,Pascal,Cohalan,pcohalan4u@buzzfeed.com,3/6/2023,West
176,Sherman,Derell,sderell4v@google.it,11/1/2020,East
177,Ardisj,Newcom,anewcom4w@washington.edu,3/19/2023,North
178,Elysha,Utteridge,eutteridge4x@360.cn,9/30/2019,East
179,Lyndel,O'Noulane,lonoulane4y@zimbio.com,10/10/2023,West
180,Fanni,Schaumaker,fschaumaker4z@rakuten.co.jp,11/20/2022,South
181,Rianon,Scamwell,rscamwell50@feedburner.com,4/22/2021,South
182,Michele,Spellicy,mspellicy51@ehow.com,10/26/2020,South
183,Sonni,Evensden,sevensden52@t-online.de,10/31/2022,North
184,Urbanus,Fedder,ufedder53@ox.ac.uk,1/5/2022,South
185,Letisha,Maunder,lmaunder54@microsoft.com,12/11/2020,North
186,Ana,Walker,awalker55@netlog.com,3/23/2021,South
187,Hillard,Quinnelly,hquinnelly56@google.es,1/29/2020,North
188,Van,Nials,vnials57@themeforest.net,9/16/2019,East
189,Barty,Fayter,bfayter58@miibeian.gov.cn,5/27/2020,East
190,Tabina,Snary,tsnary59@geocities.com,4/28/2021,West
191,Jaquelyn,Van der Daal,jvanderdaal5a@prweb.com,2/12/2019,West
192,Elbertina,Binden,ebinden5b@shutterfly.com,4/3/2022,East
193,Dedie,Ropkins,dropkins5c@marketwatch.com,1/15/2023,South
194,Enrika,Owbrick,eowbrick5d@noaa.gov,5/29/2023,South
195,Cristy,Maynell,cmaynell5e@statcounter.com,8/27/2021,North
196,Courtney,Mathou,cmathou5f@flavors.me,4/12/2021,West
197,Denney,Runge,drunge5g@hugedomains.com,2/15/2022,South
198,Reeba,Blaxlande,rblaxlande5h@blogspot.com,9/3/2021,North
199,Xever,Fasey,xfasey5i@squarespace.com,12/28/2021,West
200,Fanny,Dullingham,fdullingham5j@ca.gov,8/24/2023,West
201,Bess,Ebbin,bebbin5k@canalblog.com,6/9/2023,East
202,Jewel,Nower,jnower5l@moonfruit.com,12/19/2023,South
203,Brien,Nyland,bnyland5m@unesco.org,9/27/2022,East
204,Lainey,Carlens,lcarlens5n@ft.com,10/5/2020,East
205,Simone,Antyukhin,santyukhin5o@prnewswire.com,1/26/2019,West
206,Denise,Busen,dbusen5p@fc2.com,3/27/2019,North
207,Anastasie,MacGragh,amacgragh5q@jigsy.com,2/29/2020,North
208,Kirsteni,Burkin,kburkin5r@redcross.org,8/17/2021,East
209,Helenka,Leupoldt,hleupoldt5s@jigsy.com,11/29/2019,South
210,Allissa,Cay,acay5t@ucoz.ru,7/15/2021,East
211,Gypsy,Nicol,gnicol5u@myspace.com,11/16/2019,South
212,Maxie,Pee,mpee5v@gravatar.com,1/14/2022,North
213,Jackelyn,Melvin,jmelvin5w@scribd.com,12/20/2019,North
214,Jamil,Ridgwell,jridgwell5x@google.fr,4/3/2021,East
215,Jule,Piell,jpiell5y@wikimedia.org,12/17/2021,North
216,Torey,Isgar,tisgar5z@businessweek.com,6/24/2019,East
217,Suzi,McGiff,smcgiff60@unesco.org,7/19/2019,North
218,Laural,Rigeby,lrigeby61@tripod.com,11/20/2022,West
219,Lev,Wenderott,lwenderott62@hud.gov,11/8/2019,North
220,Burke,Mallett,bmallett63@google.fr,4/27/2021,West
221,Jenine,Banaszczyk,jbanaszczyk64@senate.gov,5/31/2019,East
222,Sibyl,Yegorovnin,syegorovnin65@bizjournals.com,3/22/2023,North
223,Olin,Jouhandeau,ojouhandeau66@alexa.com,4/14/2021,West
224,Jean,Saynor,jsaynor67@yolasite.com,5/6/2021,West
225,Kathryn,Beagin,kbeagin68@webmd.com,6/4/2022,South
226,Delilah,Witcher,dwitcher69@bing.com,3/22/2019,East
227,Wolfie,Molfino,wmolfino6a@rambler.ru,4/7/2020,South
228,Clara,Blanking,cblanking6b@woothemes.com,7/31/2019,West
229,Michele,McKinty,mmckinty6c@ucoz.ru,7/30/2020,West
230,Sheffie,Spinney,sspinney6d@over-blog.com,6/19/2021,South
231,Osmond,Stellin,ostellin6e@cam.ac.uk,5/25/2021,East
232,Elinor,Issacof,eissacof6f@hexun.com,3/21/2023,East
233,Barry,Fadian,bfadian6g@liveinternet.ru,6/27/2023,West
234,Carlynne,Tattersfield,ctattersfield6h@freewebs.com,9/2/2021,West
235,Pollyanna,MacCardle,pmaccardle6i@sitemeter.com,8/12/2021,North
236,Fiona,Idiens,fidiens6j@51.la,3/13/2023,East
237,Shaylyn,Azemar,sazemar6k@bluehost.com,8/16/2022,North
238,Amabel,Cavanaugh,acavanaugh6l@adobe.com,10/7/2020,East
239,Mel,Ladyman,mladyman6m@google.com.hk,11/20/2020,South
240,Adrian,Newcomen,anewcomen6n@ted.com,7/28/2022,North
241,Cristy,Farrall,cfarrall6o@timesonline.co.uk,9/27/2019,East
242,Maximilianus,Bodycomb,mbodycomb6p@usgs.gov,9/27/2023,North
243,Clarinda,Pettyfer,cpettyfer6q@cargocollective.com,1/12/2019,East
244,Nelia,Florence,nflorence6r@cisco.com,2/9/2021,East
245,Chandra,Espinheira,cespinheira6s@telegraph.co.uk,4/29/2022,West
246,Arnoldo,MacKomb,amackomb6t@examiner.com,9/23/2022,West
247,Dame,Robson,drobson6u@cyberchimps.com,11/13/2020,West
248,Bree,Bratton,bbratton6v@comcast.net,11/23/2020,South
249,Arty,Chessum,achessum6w@1688.com,11/15/2020,East
250,Anne-marie,Chessell,achessell6x@wufoo.com,2/1/2021,South
251,Ely,Ribeiro,eribeiro6y@oracle.com,8/14/2020,East
252,Bord,Littledike,blittledike6z@geocities.jp,6/18/2021,West
253,Eartha,Bindon,ebindon70@skyrock.com,11/6/2019,North
254,Cheri,Gounet,cgounet71@jugem.jp,10/3/2021,South
255,Timofei,O'Dempsey,todempsey72@usnews.com,3/23/2022,West
256,Ilyssa,Robertz,irobertz73@hubpages.com,11/8/2020,West
257,Wildon,Nathon,wnathon74@mapquest.com,4/1/2021,East
258,Bridie,Sinney,bsinney75@123-reg.co.uk,6/17/2021,South
259,Seymour,Redolfi,sredolfi76@nifty.com,8/29/2023,North
260,Gae,Rozenbaum,grozenbaum77@lulu.com,3/20/2021,East
261,Brena,Hargie,bhargie78@skype.com,6/15/2019,North
262,Patty,Isaaksohn,pisaaksohn79@e-recht24.de,8/31/2023,South
263,Sloan,Smallridge,ssmallridge7a@pinterest.com,5/28/2023,North
264,Andreana,Poacher,apoacher7b@cdc.gov,9/21/2021,West
265,Laurette,Reinhard,lreinhard7c@ucsd.edu,5/24/2022,North
266,Dietrich,Hesser,dhesser7d@livejournal.com,8/24/2019,East
267,Caryl,Philipp,cphilipp7e@123-reg.co.uk,11/19/2019,East
268,Bennett,Bradden,bbradden7f@nhs.uk,6/12/2022,South
269,Carleen,Roddick,croddick7g@cargocollective.com,4/11/2019,South
270,Seymour,Yann,syann7h@flickr.com,4/1/2023,South
271,Hillyer,Ainsbury,hainsbury7i@google.fr,1/8/2021,North
272,Erin,Nilges,enilges7j@ftc.gov,5/24/2022,East
273,Maegan,Burwin,mburwin7k@icq.com,1/3/2021,East
274,Gilda,Cowlas,gcowlas7l@google.es,2/4/2020,North
275,Frasier,Pavy,fpavy7m@opera.com,2/6/2020,West
276,Annmaria,Babe,ababe7n@msu.edu,12/24/2023,South
277,Dona,Domegan,ddomegan7o@dyndns.org,9/1/2019,West
278,Frans,Dallmann,fdallmann7p@people.com.cn,6/21/2023,North
279,Bearnard,Lammerts,blammerts7q@whitehouse.gov,1/16/2023,South
280,Nisse,Petrollo,npetrollo7r@exblog.jp,2/14/2019,West
281,Brynna,Herrieven,bherrieven7s@cpanel.net,10/2/2019,West
282,Lauren,Lelande,llelande7t@nydailynews.com,5/10/2022,South
283,Naomi,Foxall,nfoxall7u@exblog.jp,5/15/2022,South
284,Sal,Snasel,ssnasel7v@people.com.cn,9/17/2021,West
285,Yard,McCray,ymccray7w@japanpost.jp,9/13/2022,East
286,Paul,Gilbertson,pgilbertson7x@dmoz.org,1/17/2020,North
287,Felike,Peers,fpeers7y@hhs.gov,6/18/2023,West
288,Matias,Plues,mplues7z@wikimedia.org,8/7/2022,South
289,Zulema,Ateridge,zateridge80@lulu.com,7/9/2021,North
290,Letta,Pinare,lpinare81@themeforest.net,6/20/2022,South
291,Ferdinanda,Kestian,fkestian82@scribd.com,8/7/2020,South
292,Elysha,Weatherall,eweatherall83@house.gov,2/7/2021,West
293,Meade,Surpliss,msurpliss84@fotki.com,7/19/2023,North
294,Rodolfo,Caffery,rcaffery85@cbslocal.com,5/3/2020,East
295,Esmeralda,Szubert,eszubert86@latimes.com,7/11/2022,North
296,Camala,McLugaish,cmclugaish87@cnet.com,1/21/2019,East
297,Armand,Calliss,acalliss88@buzzfeed.com,11/18/2021,East
298,Anica,Sackur,asackur89@wsj.com,6/8/2022,West
299,Jed,Scotts,jscotts8a@umn.edu,6/4/2020,East
300,Baudoin,Golland,bgolland8b@squidoo.com,8/20/2021,South
301,Dania,Copestake,dcopestake8c@latimes.com,8/16/2019,North
302,Theodosia,Hammerberg,thammerberg8d@technorati.com,4/16/2023,South
303,Julissa,Edmonson,jedmonson8e@tripadvisor.com,2/25/2023,West
304,Valentine,Murcutt,vmurcutt8f@rediff.com,4/17/2019,South
305,Gorden,Maffezzoli,gmaffezzoli8g@blogtalkradio.com,2/11/2023,West
306,Colin,Wasylkiewicz,cwasylkiewicz8h@angelfire.com,5/16/2022,North
307,Georgianna,Wildor,gwildor8i@photobucket.com,4/26/2021,East
308,Susie,Castelain,scastelain8j@si.edu,1/23/2019,North
309,Diena,Guage,dguage8k@ocn.ne.jp,2/21/2023,East
310,Stinky,Mayers,smayers8l@cnbc.com,2/8/2019,North
311,Immanuel,Northley,inorthley8m@csmonitor.com,7/8/2023,West
312,Randell,Dowears,rdowears8n@discuz.net,3/19/2021,East
313,Selie,Saura,ssaura8o@bluehost.com,12/7/2022,East
314,Horatia,Colchett,hcolchett8p@reddit.com,11/9/2020,South
315,Fulvia,Witcombe,fwitcombe8q@meetup.com,1/23/2023,North
316,Hewie,Gusticke,hgusticke8r@quantcast.com,6/25/2019,West
317,Alexander,McIlhatton,amcilhatton8s@merriam-webster.com,5/1/2020,North
318,Theodor,Clitsome,tclitsome8t@github.io,3/16/2020,North
319,Betsey,Walkinshaw,bwalkinshaw8u@networksolutions.com,3/7/2020,South
320,Elke,Franzman,efranzman8v@ed.gov,5/30/2023,South
321,Marcos,O'Lagen,molagen8w@odnoklassniki.ru,4/4/2023,West
322,Sarge,Castro,scastro8x@wikia.com,5/12/2019,East
323,Gilligan,Rushworth,grushworth8y@dyndns.org,9/26/2021,East
324,Orlan,Mowson,omowson8z@statcounter.com,2/15/2022,North
325,Adena,Belk,abelk90@alibaba.com,11/1/2021,East
326,Tamarah,Hammerstone,thammerstone91@elpais.com,5/17/2023,North
327,Hanson,Seear,hseear92@nifty.com,11/28/2019,South
328,Frieda,Hames,fhames93@japanpost.jp,12/22/2021,South
329,Drew,Scroggie,dscroggie94@theglobeandmail.com,11/3/2023,West
330,Emmaline,Piesing,epiesing95@cargocollective.com,12/16/2022,North
331,Vitia,Ankrett,vankrett96@forbes.com,2/10/2023,North
332,Elane,Waite,ewaite97@amazonaws.com,8/13/2022,South
333,Kelby,Dabell,kdabell98@foxnews.com,4/11/2023,North
334,Dun,Bellon,dbellon99@zimbio.com,12/19/2019,East
335,Wadsworth,Lamb,wlamb9a@webmd.com,10/13/2021,South
336,Anne-marie,Rennison,arennison9b@msn.com,3/3/2022,South
337,Deeanne,Berard,dberard9c@google.pl,7/27/2022,West
338,Phil,Briztman,pbriztman9d@geocities.com,5/8/2022,North
339,Jana,Robertis,jrobertis9e@reuters.com,2/27/2022,East
340,Gavin,Escofier,gescofier9f@go.com,6/22/2019,East
341,Waylin,Blabber,wblabber9g@1688.com,5/15/2022,North
342,Theodora,MacCumiskey,tmaccumiskey9h@yellowpages.com,10/25/2020,West
343,Christy,Randalson,crandalson9i@reddit.com,6/24/2021,West
344,Raymond,Blaasch,rblaasch9j@berkeley.edu,10/23/2023,East
345,Stacey,Haizelden,shaizelden9k@bandcamp.com,9/15/2022,West
346,Neall,Creser,ncreser9l@dropbox.com,1/14/2022,West
347,Thaine,Scargle,tscargle9m@wsj.com,1/8/2019,South
348,Moyra,Mishow,mmishow9n@spiegel.de,11/9/2023,West
349,Vlad,Cadreman,vcadreman9o@biblegateway.com,12/30/2023,South
350,Sean,Snelson,ssnelson9p@hao123.com,9/20/2019,North
351,Virgie,Yukhtin,vyukhtin9q@amazon.de,11/12/2021,South
352,Hatti,Tender,htender9r@twitpic.com,9/23/2022,West
353,Laurel,Kolodziejski,lkolodziejski9s@wisc.edu,9/14/2021,South
354,Leroy,Readmire,lreadmire9t@engadget.com,9/30/2020,East
355,Helsa,Vink,hvink9u@creativecommons.org,7/18/2023,East
356,Gabriel,Troke,gtroke9v@irs.gov,3/17/2019,South
357,Berne,Disman,bdisman9w@webnode.com,9/12/2023,North
358,Arda,Tredgold,atredgold9x@vk.com,6/26/2019,East
359,Helge,Meiklejohn,hmeiklejohn9y@webs.com,4/23/2022,South
360,Veriee,Cartmer,vcartmer9z@home.pl,3/27/2023,South
361,Vance,Larver,vlarvera0@shutterfly.com,1/10/2022,West
362,Masha,Pawden,mpawdena1@smh.com.au,12/8/2023,East
363,Maryjo,Maybery,mmayberya2@nytimes.com,5/12/2020,North
364,Jeannie,Chitson,jchitsona3@bandcamp.com,2/8/2021,South
365,Darin,Korpolak,dkorpolaka4@xinhuanet.com,7/22/2023,East
366,Janifer,Braiden,jbraidena5@ezinearticles.com,3/26/2019,North
367,Dominga,Dacey,ddaceya6@businessweek.com,4/16/2022,South
368,Odilia,Stanyard,ostanyarda7@google.nl,12/2/2020,West
369,Onida,Hecks,ohecksa8@paypal.com,11/18/2022,East
370,Alix,Normansell,anormansella9@so-net.ne.jp,7/30/2023,North
371,Rosana,Braund,rbraundaa@feedburner.com,12/19/2023,West
372,Tracy,Chatres,tchatresab@meetup.com,11/5/2022,West
373,Lolly,Muress,lmuressac@china.com.cn,11/16/2021,East
374,Gian,Roelofsen,groelofsenad@yahoo.co.jp,11/25/2023,West
375,Susannah,Benne,sbenneae@cloudflare.com,2/9/2019,South
376,Hunter,Doget,hdogetaf@blinklist.com,1/25/2020,South
377,Idell,Jarville,ijarvilleag@360.cn,9/7/2019,North
378,Archibaldo,Cornthwaite,acornthwaiteah@merriam-webster.com,6/12/2023,South
379,Kalina,Duinbleton,kduinbletonai@soup.io,8/27/2019,North
380,Clea,Winstanley,cwinstanleyaj@loc.gov,3/4/2022,North
381,Mattheus,Wyss,mwyssak@sina.com.cn,7/31/2020,South
382,Kliment,Vinck,kvinckal@ted.com,6/19/2023,West
383,Elvera,Abethell,eabethellam@state.tx.us,3/10/2023,North
384,Austin,Hair,ahairan@gravatar.com,5/11/2022,East
385,Fredia,Fish,ffishao@wsj.com,2/20/2021,West
386,Yasmeen,Grieveson,ygrievesonap@google.nl,7/18/2019,East
387,Elsy,Farthing,efarthingaq@friendfeed.com,5/20/2021,West
388,Hercule,Wickman,hwickmanar@dailymotion.com,9/10/2022,North
389,Freemon,Crawforth,fcrawforthas@issuu.com,2/27/2019,South
390,Colas,Hammer,chammerat@unicef.org,4/11/2019,North
391,Giorgio,Melley,gmelleyau@china.com.cn,3/7/2019,West
392,Kary,Surphliss,ksurphlissav@desdev.cn,1/8/2023,North
393,Sargent,Gawkroge,sgawkrogeaw@angelfire.com,11/25/2020,West
394,Dacie,Gaynsford,dgaynsfordax@gmpg.org,1/15/2019,South
395,Sibelle,Hepher,shepheray@samsung.com,3/23/2019,East
396,Tabatha,Danslow,tdanslowaz@rambler.ru,2/21/2021,West
397,Ron,Dowber,rdowberb0@abc.net.au,6/1/2023,West
398,Morlee,Preble,mprebleb1@gnu.org,12/9/2020,East
399,Alison,Boultwood,aboultwoodb2@gnu.org,2/10/2019,West
400,Emelia,Hasselby,ehasselbyb3@miibeian.gov.cn,10/14/2019,West
401,Remington,Bengtson,rbengtsonb4@columbia.edu,12/16/2020,North
402,Dix,Lightewood,dlightewoodb5@youtu.be,5/12/2021,East
403,Ted,Hanaby,thanabyb6@tripod.com,2/11/2022,East
404,Cletis,Baldry,cbaldryb7@go.com,5/22/2019,South
405,Fernando,Dries,fdriesb8@narod.ru,1/31/2023,West
406,Corrina,Jeffray,cjeffrayb9@google.fr,10/22/2022,West
407,Agata,Gillings,agillingsba@1und1.de,12/21/2021,West
408,Booth,Cagan,bcaganbb@jigsy.com,3/12/2023,East
409,Sissy,Fluit,sfluitbc@cloudflare.com,6/9/2023,East
410,Aurthur,Wickwarth,awickwarthbd@dailymail.co.uk,1/15/2023,North
411,Timoteo,Lower,tlowerbe@amazon.de,2/23/2020,North
412,Orella,Le Marquis,olemarquisbf@wunderground.com,11/16/2022,West
413,Quintin,Hemphill,qhemphillbg@wikia.com,6/12/2019,East
414,Regan,McEntagart,rmcentagartbh@boston.com,7/13/2021,South
415,Joete,Wainscoat,jwainscoatbi@creativecommons.org,10/17/2022,South
416,Leland,Tunno,ltunnobj@blinklist.com,5/7/2020,West
417,Steffi,Crowhurst,scrowhurstbk@artisteer.com,11/26/2019,South
418,Robena,Gaskoin,rgaskoinbl@de.vu,3/1/2022,North
419,Brinn,Mathiassen,bmathiassenbm@kickstarter.com,6/24/2021,South
420,Vlad,Du Fray,vdufraybn@g.co,10/9/2023,West
421,Donovan,Dawtrey,ddawtreybo@sun.com,6/27/2022,West
422,Lacy,Rivard,lrivardbp@freewebs.com,6/17/2021,South
423,Jaymie,Sanbrook,jsanbrookbq@wisc.edu,4/1/2023,West
424,Ileana,McSparran,imcsparranbr@prlog.org,11/13/2022,West
425,Delores,Tenby,dtenbybs@ox.ac.uk,4/14/2022,East
426,Arliene,Enterle,aenterlebt@skype.com,7/4/2020,North
427,Kakalina,Matuszkiewicz,kmatuszkiewiczbu@auda.org.au,4/23/2023,South
428,Helsa,Daviot,hdaviotbv@kickstarter.com,9/16/2020,South
429,Melany,Barnhart,mbarnhartbw@zimbio.com,7/3/2022,North
430,Augustine,Bowhey,abowheybx@seesaa.net,3/12/2019,North
431,Dirk,Maddern,dmaddernby@clickbank.net,2/19/2019,South
432,Gerry,Sherrard,gsherrardbz@1und1.de,12/15/2022,East
433,Alfie,Anger,aangerc0@yelp.com,10/4/2021,North
434,Colette,Ronisch,cronischc1@lulu.com,6/20/2020,West
435,Dominique,Castelot,dcastelotc2@ca.gov,12/11/2022,East
436,Karola,Dummett,kdummettc3@tiny.cc,2/7/2021,East
437,Emalee,Piddick,epiddickc4@gmpg.org,3/15/2021,West
438,Teri,Tunnock,ttunnockc5@buzzfeed.com,5/10/2019,North
439,Herold,Glanville,hglanvillec6@google.nl,3/25/2020,North
440,Jourdan,Drewett,jdrewettc7@aol.com,10/16/2021,East
441,Malvina,Bestwall,mbestwallc8@mediafire.com,9/28/2022,South
442,Ginnie,Kisting,gkistingc9@hao123.com,3/28/2022,North
443,Emmet,Binks,ebinksca@smh.com.au,9/5/2019,North
444,Eada,Lowdyane,elowdyanecb@t-online.de,2/16/2023,West
445,Rowney,Deuss,rdeusscc@squarespace.com,3/5/2023,South
446,Shepard,Juggings,sjuggingscd@ca.gov,9/20/2021,North
447,Hillery,Baudassi,hbaudassice@unesco.org,7/25/2023,North
448,Carmon,Ondricek,condricekcf@shutterfly.com,1/24/2023,East
449,Gerry,Dowthwaite,gdowthwaitecg@tinyurl.com,9/27/2020,North
450,Paddy,Epps,peppsch@elegantthemes.com,11/30/2019,West
451,Durand,Chappel,dchappelci@wordpress.org,12/2/2019,West
452,Annie,Huetson,ahuetsoncj@craigslist.org,7/11/2023,West
453,Tessie,Welland,twellandck@addthis.com,6/9/2023,South
454,Trumaine,Youell,tyouellcl@networksolutions.com,8/13/2020,East
455,Humfrey,Pittet,hpittetcm@cbsnews.com,7/23/2021,South
456,Kikelia,Calwell,kcalwellcn@nsw.gov.au,9/18/2019,East
457,Kelcey,Elward,kelwardco@example.com,5/2/2019,North
458,Tana,de la Tremoille,tdelatremoillecp@hatena.ne.jp,8/31/2019,North
459,Annette,Aucourte,aaucourtecq@newyorker.com,6/21/2022,North
460,Simona,Giabuzzi,sgiabuzzicr@statcounter.com,9/28/2021,West
461,Dorolice,Boman,dbomancs@jalbum.net,1/3/2023,West
462,North,Roistone,nroistonect@weebly.com,2/6/2021,West
463,Will,Lamers,wlamerscu@bluehost.com,10/18/2019,North
464,Amby,Issacoff,aissacoffcv@tripadvisor.com,4/2/2023,South
465,Jackqueline,Doyley,jdoyleycw@seattletimes.com,1/30/2022,West
466,Teresita,Ilsley,tilsleycx@tinypic.com,7/6/2020,North
467,Sandie,Barnish,sbarnishcy@zdnet.com,8/18/2021,North
468,Gail,Napton,gnaptoncz@ifeng.com,4/27/2019,North
469,Terri-jo,Winterflood,twinterfloodd0@furl.net,12/15/2019,North
470,Mark,O'Farris,mofarrisd1@psu.edu,7/22/2021,South
471,Peyter,O'Griffin,pogriffind2@tripod.com,9/3/2021,North
472,Aurore,Ledson,aledsond3@ask.com,3/17/2021,South
473,Dorice,Hodgen,dhodgend4@pagesperso-orange.fr,2/2/2020,North
474,Urban,Devote,udevoted5@amazonaws.com,3/10/2022,East
475,Bengt,De Filippis,bdefilippisd6@51.la,12/31/2022,North
476,Manuel,Zanuciolii,mzanucioliid7@gizmodo.com,5/29/2020,South
477,Ambrose,Verlinde,averlinded8@mtv.com,9/27/2021,East
478,Lynelle,Anster,lansterd9@last.fm,5/25/2020,South
479,Redd,Brookes,rbrookesda@meetup.com,6/17/2019,East
480,Fonz,Teall,ftealldb@unicef.org,11/10/2020,North
481,Torre,Bottomer,tbottomerdc@army.mil,7/9/2023,East
482,Jenn,Tarbatt,jtarbattdd@bing.com,10/23/2020,North
483,Jackquelin,Smooth,jsmoothde@weebly.com,8/24/2019,North
484,Minette,Gawkes,mgawkesdf@yelp.com,11/4/2019,East
485,Guss,Panchen,gpanchendg@geocities.com,11/15/2019,South
486,Kathe,Gwilt,kgwiltdh@smh.com.au,2/21/2021,West
487,Ludovika,Kinforth,lkinforthdi@baidu.com,8/8/2019,East
488,Stirling,Beamson,sbeamsondj@delicious.com,9/30/2019,South
489,Giustino,Wornum,gwornumdk@ihg.com,3/30/2022,North
490,Drusilla,Cram,dcramdl@youku.com,6/22/2021,West
491,Brigit,Easterby,beasterbydm@about.me,7/27/2022,North
492,Bronson,Nacci,bnaccidn@narod.ru,1/20/2023,West
493,Cyril,Pearsey,cpearseydo@amazon.com,6/8/2022,North
494,Ian,Simo,isimodp@wikia.com,3/30/2021,West
495,Marie,Scrancher,mscrancherdq@unblog.fr,3/7/2020,North
496,Oralia,Monketon,omonketondr@rakuten.co.jp,2/16/2022,North
497,Byrom,Yoxen,byoxends@baidu.com,8/27/2023,South
498,Harrietta,Dreinan,hdreinandt@typepad.com,12/25/2021,East
499,Jennie,Fuzzey,jfuzzeydu@ifeng.com,2/18/2022,West
500,Ardyce,Wais,awaisdv@cnet.com,8/16/2020,West
